Model,Accuracy,Precision (Class 1),Recall (Class 1),F1-score (Class 1),ROC-AUC,Avg Precision (PR AUC)
Logistic Regression,0.7631578947368421,0.559322033898305,0.7674418604651163,0.6470588235294118,0.9662897375720076,0.7299190601115111
SVM,0.8947368421052632,0.7647058823529411,0.9069767441860465,0.8297872340425532,0.9662897375720076,0.9355747332183251
KNN,0.8618421052631579,0.7115384615384616,0.8604651162790697,0.7789473684210526,0.9662897375720076,0.7591462521426013
Random Forest,0.9210526315789473,0.8297872340425532,0.9069767441860465,0.8666666666666667,0.9662897375720076,0.9355999169285786
Gradient Boosting,0.9342105263157895,0.851063829787234,0.9302325581395349,0.8888888888888888,0.9662897375720076,0.9339632249618677
VotingClassifier,0.9210526315789473,0.8163265306122449,0.9302325581395349,0.8695652173913043,0.9662897375720076,0.9494205340435561
