Model,Accuracy,Precision (Class 1),Recall (Class 1),F1-score (Class 1),ROC-AUC,Avg Precision (PR AUC)
Logistic Regression,0.7368421052631579,0.5245901639344263,0.7441860465116279,0.6153846153846154,0.9675698741199061,0.7271908739540587
SVM,0.881578947368421,0.7358490566037735,0.9069767441860465,0.8125,0.9675698741199061,0.9379831511754735
KNN,0.8618421052631579,0.7115384615384616,0.8604651162790697,0.7789473684210526,0.9675698741199061,0.7591462521426013
Random Forest,0.9210526315789473,0.8297872340425532,0.9069767441860465,0.8666666666666667,0.9675698741199061,0.9418181639359277
Gradient Boosting,0.9407894736842105,0.8695652173913043,0.9302325581395349,0.898876404494382,0.9675698741199061,0.9411364887451954
VotingClassifier,0.9276315789473685,0.8333333333333334,0.9302325581395349,0.8791208791208791,0.9675698741199061,0.9512661776349931
