Model,Accuracy,Precision (Class 1),Recall (Class 1),F1-score (Class 1),ROC-AUC,Avg Precision (PR AUC)
Logistic Regression,0.743421052631579,0.5333333333333333,0.7441860465116279,0.6213592233009708,0.8288884147642414,0.7311657040523962
SVM,0.875,0.7222222222222222,0.9069767441860465,0.8041237113402062,0.9652229571154257,0.9330634926743205
KNN,0.8486842105263158,0.6851851851851852,0.8604651162790697,0.7628865979381443,0.909323661190527,0.736847452689501
Random Forest,0.9144736842105263,0.8260869565217391,0.8837209302325582,0.8539325842696629,0.9644762107958182,0.9472127478009449
Gradient Boosting,0.9407894736842105,0.8695652173913043,0.9302325581395349,0.898876404494382,0.9635161083848944,0.950047261301454
VotingClassifier,0.9342105263157895,0.851063829787234,0.9302325581395349,0.8888888888888888,0.9756774055899297,0.9559566925282164
